<?xml version="1.0" encoding="UTF-8"?>
<project-private xmlns="http://www.netbeans.org/ns/project-private/1">
    <editor-bookmarks xmlns="http://www.netbeans.org/ns/editor-bookmarks/1"/>
    <editor-bookmarks xmlns="http://www.netbeans.org/ns/editor-bookmarks/2" lastBookmarkId="0"/>
    <open-files xmlns="http://www.netbeans.org/ns/projectui-open-files/2">
        <group>
            <file>file:/C:/Users/Mamayo/Documents/NetBeansProjects/ProyectoFinal/src/org/yourorghere/ProyectoFinal.java</file>
            <file>file:/C:/Users/Mamayo/Documents/NetBeansProjects/ProyectoFinal/src/org/yourorghere/Bote.java</file>
            <file>file:/C:/Users/Mamayo/Documents/NetBeansProjects/ProyectoFinal/src/org/yourorghere/Silla.java</file>
            <file>file:/C:/Users/Mamayo/Documents/NetBeansProjects/ProyectoFinal/src/org/yourorghere/Carretera.java</file>
            <file>file:/C:/Users/Mamayo/Documents/NetBeansProjects/ProyectoFinal/src/org/yourorghere/Mesa.java</file>
            <file>file:/C:/Users/Mamayo/Documents/NetBeansProjects/ProyectoFinal/src/org/yourorghere/kkexterior.java</file>
            <file>file:/C:/Users/Mamayo/Documents/NetBeansProjects/ProyectoFinal/src/org/yourorghere/Cubo.java</file>
        </group>
    </open-files>
</project-private>
